element,name,team,position,minutes,total_points
572,Konstantinos Tzolakis,Hull City,GK,450,34
1,David Raya Martín,Arsenal,GK,450,30
385,James Trafford,Leeds,GK,450,28
350,Alisson Becker,Liverpool,GK,450,27
226,Jordan Pickford,Everton,GK,450,25
229,James Tarkowski,Everton,DEF,450,43
388,Marc Guéhi,Man City,DEF,450,30
230,Jarrad Branthwaite,Everton,DEF,450,27
233,Vitalii Mykolenko,Everton,DEF,450,27
334,Tarik Muharemović,Leeds,DEF,450,27
124,Pascal Groß,Brighton,MID,450,47
397,Antoine Semenyo,Man City,MID,450,33
426,Bruno Borges Fernandes,Man Utd,MID,450,31
98,Vitaly Janelt,Brentford,MID,450,28
453,Harvey Barnes,Newcastle,MID,450,28
411,Erling Haaland,Man City,FWD,450,39
106,Igor Thiago Nascimento Rodrigues,Brentford,FWD,442,10
464,Yoane Wissa,Newcastle,FWD,441,15
295,Oli McBurnie,Hull City,FWD,441,13
26,Kai Havertz,Arsenal,FWD,437,19
